stone_id,n,kesto_s,v_alku_kvad,v_loppu_kvad,hidastuvuus_ms2,mu_kvad,rms_kvad_m,v_alku_ode,v_loppu_ode,a,b,rms_ode_m,mu_alussa,mu_lopussa
21,346,13.8,1.94226,0.94933,0.07195,0.00733,0.03541,1.95287,0.96151,0.0069,0.0012,0.03506,0.00771,0.00685
22,266,12.88,1.76941,1.34301,0.03311,0.00337,0.65127,1.64369,-3.95399,0.05563,-0.11191,0.60666,2e-05,0.8287
24,363,14.48,1.93861,0.80622,0.0782,0.00797,0.02897,1.91829,0.77998,0.00855,-0.0019,0.02699,0.00731,0.00903
28,308,12.4,2.13109,1.0737,0.08527,0.00869,0.03151,2.09863,1.03024,0.01082,-0.00454,0.02802,0.00745,0.01068
29,316,12.6,2.07545,1.08277,0.07878,0.00803,0.02821,2.06026,1.06433,0.00898,-0.00211,0.02742,0.00746,0.00885
39,302,12.04,2.12592,1.17513,0.07897,0.00805,0.03223,2.09834,1.1408,0.01025,-0.00443,0.03002,0.00696,0.00967
42,306,12.2,2.06776,1.18856,0.07207,0.00735,0.02967,2.06473,1.18507,0.00759,-0.0005,0.02964,0.00723,0.0075
47,305,12.16,2.11247,1.17342,0.07722,0.00787,0.0284,2.07649,1.12748,0.01074,-0.00583,0.02369,0.00648,0.01004
50,320,12.76,2.0442,1.07724,0.07578,0.00772,0.03487,2.02708,1.05635,0.00877,-0.00239,0.03401,0.00708,0.00864
58,308,12.32,2.11902,1.11239,0.08171,0.00833,0.02974,2.09047,1.07645,0.0103,-0.00416,0.02699,0.00723,0.00999
59,302,12.04,2.09007,1.21717,0.0725,0.00739,0.03549,2.06543,1.18697,0.00954,-0.0043,0.0339,0.00642,0.0088
64,310,12.36,2.09672,1.13088,0.07814,0.00797,0.03876,2.04282,1.05777,0.01195,-0.0084,0.02994,0.00595,0.01148
68,334,13.32,2.00629,0.98946,0.07634,0.00778,0.03474,1.96554,0.93554,0.00982,-0.00512,0.02864,0.00636,0.01016
71,311,12.4,2.07947,1.1379,0.07593,0.00774,0.0318,2.04573,1.09497,0.0102,-0.00523,0.02803,0.00646,0.00973
74,321,12.8,2.01951,1.08379,0.0731,0.00745,0.02704,2.02706,1.09234,0.007,0.00105,0.02684,0.00774,0.00709
79,311,12.4,2.04606,1.16196,0.0713,0.00727,0.02428,2.03066,1.14353,0.00842,-0.00247,0.02336,0.00667,0.00809
85,327,13.04,2.00379,1.0544,0.07281,0.00742,0.03304,1.98871,1.03609,0.00828,-0.00205,0.03233,0.00687,0.00821
99,310,12.36,2.06477,1.17169,0.07226,0.00737,0.03168,2.02908,1.12615,0.01018,-0.0059,0.02747,0.00601,0.00948
106,313,12.48,1.99246,1.17784,0.06527,0.00665,0.03629,1.98027,1.16348,0.0076,-0.00208,0.03591,0.00618,0.00729
