stone_id,a,hidastuvuus_1.5ms,hidastuvuus_paraabeli,kesto_s,n
106,0.00833,0.06655,0.06429,11.2,281
21,0.00877,0.07089,0.07204,12.2,306
85,0.009,0.07318,0.07217,11.64,292
79,0.00903,0.07348,0.07076,11.12,279
74,0.00912,0.07435,0.07292,11.4,286
99,0.00914,0.07453,0.07142,11.08,278
24,0.00916,0.07471,0.07747,12.88,323
42,0.00917,0.0748,0.07159,10.88,273
68,0.00924,0.07555,0.07522,11.84,297
59,0.00932,0.0763,0.07237,10.8,271
50,0.00941,0.07716,0.0754,11.32,284
71,0.00952,0.0783,0.07538,11.08,278
47,0.00972,0.08018,0.07653,10.84,272
64,0.00972,0.08019,0.07709,11.04,277
29,0.00973,0.08029,0.07809,11.24,282
39,0.0099,0.08195,0.07808,10.8,271
58,0.01012,0.08413,0.08106,11.0,275
28,0.01049,0.0878,0.08511,11.16,280
