stone_id,a,hid_1.5ms,ci_alaraja,ci_ylaraja,hid_paraabeli,ci_alaraja,ci_ylaraja
106,0.00833,0.06655,0.06488,0.06832,0.06429,0.06265,0.06587
21,0.00877,0.07089,0.06911,0.07318,0.07204,0.07055,0.07378
85,0.009,0.07318,0.07198,0.07445,0.07217,0.07107,0.07355
79,0.00903,0.07348,0.07285,0.07407,0.07076,0.0697,0.07204
74,0.00912,0.07435,0.07368,0.07526,0.07292,0.07257,0.07332
99,0.00914,0.07453,0.07356,0.07542,0.07142,0.06988,0.07304
24,0.00916,0.07471,0.07389,0.07568,0.07747,0.07648,0.07839
42,0.00917,0.0748,0.07407,0.07551,0.07159,0.07117,0.07219
68,0.00924,0.07555,0.07492,0.07647,0.07522,0.07407,0.07711
59,0.00932,0.0763,0.07526,0.07737,0.07237,0.07085,0.07386
50,0.00941,0.07716,0.07579,0.07855,0.0754,0.07396,0.07703
71,0.00952,0.0783,0.07733,0.0794,0.07538,0.07382,0.07697
47,0.00972,0.08018,0.07918,0.08099,0.07653,0.0748,0.07785
64,0.00972,0.08019,0.07855,0.08221,0.07709,0.07487,0.08004
29,0.00973,0.08029,0.07909,0.08134,0.07809,0.07689,0.07928
39,0.0099,0.08195,0.08092,0.08298,0.07808,0.07643,0.07992
58,0.01012,0.08413,0.08281,0.08501,0.08106,0.07939,0.08255
28,0.01049,0.0878,0.0864,0.08915,0.08511,0.08299,0.08708
