stone_id,a_vakio_b,a_b=k*a,b_k*a,a_b=b0+k*a,b_b0+k*a
21,0.00877,0.00871,-0.00368,0.00805,-0.00200
24,0.00916,0.00918,-0.00388,0.00899,-0.00332
28,0.01049,0.01087,-0.00459,0.01285,-0.00878
29,0.00973,0.00990,-0.00418,0.01042,-0.00535
39,0.00990,0.01014,-0.00429,0.01134,-0.00665
42,0.00917,0.00921,-0.00389,0.00874,-0.00297
47,0.00972,0.00991,-0.00419,0.01073,-0.00579
50,0.00941,0.00950,-0.00402,0.00951,-0.00406
58,0.01012,0.01041,-0.00440,0.01182,-0.00733
59,0.00932,0.00941,-0.00398,0.00938,-0.00387
64,0.00972,0.00991,-0.00419,0.01073,-0.00578
68,0.00924,0.00930,-0.00393,0.00919,-0.00361
71,0.00952,0.00966,-0.00408,0.01002,-0.00478
74,0.00912,0.00914,-0.00386,0.00871,-0.00292
79,0.00903,0.00904,-0.00382,0.00845,-0.00257
85,0.00900,0.00900,-0.00380,0.00849,-0.00261
99,0.00914,0.00918,-0.00388,0.00883,-0.00309
106,0.00833,0.00816,-0.00345,0.00642,0.00032
