stone_id,frame,R,R_ennen_suodatusta,n_kaytetty,n_pudotettu,v_far_hog_ms,decel_ms2,hog_hog_s,t_far_hog_s,t_near_hog_s,v_near_hog_ms,a,b,c,R_x,R_x_ennen_suodatusta,R_tulo,x_far_hog_cm,dir_far_hog_deg,slope_dxdy,x_straight_at_tee_cm,px,qx,rx,liuku_x_tee_cm,liuku_dir_deg,liuku_n,liuku_rms_cm,decel_keskim_ms2,mu_a,mu_b,kitka_rms_cm
19,23036,0.9999916420373579,0.9999883836385348,357,10,2.009328222220217,0.07993885362626944,15.966275120226056,906.086236108434,922.0525112286601,0.72271596125834,4.029155990591688,-196.79275249911638,2908.595707328782,0.99034123122761,0.9884182999131186,0.9903329539925965,-24.31341912747471,-3.7579442213162495,0.06568271254503202,-210.05521225609502,0.26165693147599467,6.568271254503203,-24.31341912747471,-150.08619924891266,-2.4491074643177426,29,0.679055123835008,0.08058311981183376,0.008408060274289114,-0.0006396343358830107,2.341411399222057
39,24808,0.9999905146457791,0.9999885010210564,327,10,2.041100643354592,0.07342307760283817,14.433431845566677,978.3358481072878,992.7692799528545,0.9810890576644579,3.6720704993515585,-200.4075017506179,2908.7950785619896,0.9937333212687232,0.9927517674681599,0.9937238953561699,-19.115384064893142,-3.4638256798757845,0.06052892170921968,-190.28295645624823,0.2341908642048869,6.052892170921968,-19.115384064893142,-160.04600647434495,-2.7301318947159734,22,0.7809944059065087,0.07344140998703116,0.007886448191068263,-0.0009912928780351539,2.53679049979126
44,25500,0.9999823768704733,0.9999761747825443,291,10,2.1583442320265998,0.08226639530627873,13.16238561162192,1007.2327739847519,1020.3951595963739,1.155687916941637,3.808794031226576,-212.42763964768835,2914.999258925576,0.9958822709088764,0.9933143266470713,0.9958647203466228,-25.432903368893957,-3.3218349212826874,0.05804200388970449,-189.56780982332427,0.19383846871488386,5.804200388970449,-25.432903368893957,-157.12114174292995,-2.6015254705624007,29,0.6794076003224024,0.07617588062453151,0.011010240598080832,-0.006472240219031321,2.9582194787761518
53,26280,0.999989913738718,0.9999872086514155,303,10,2.0891553655734807,0.07190045367936028,13.50967904093376,1038.1192326626435,1051.6289117035772,1.1396829319066812,3.5140451182812615,-205.53666032761475,2911.1366872718345,0.9911124372131582,0.98997183144576,0.9911024405941566,-26.87956209453402,-2.921634895027768,0.051036391057076906,-171.20354663240985,0.1899749997079568,5.103639105707691,-26.87956209453402,-142.13945206642023,-2.3085599114466535,19,0.5796316630654145,0.07028090236562524,0.008331255682861811,-0.0024711215708522307,2.509814118732178
63,27873,0.9999869237690965,0.9999837533203929,267,10,2.2643357350727586,0.07360489178226028,11.94659371351233,1103.3486552933332,1115.2952490068456,1.386961874947615,3.6720670392129438,-223.11883746592775,2909.3126763197934,0.9965523741117418,0.9956749166330872,0.9965393429627905,-25.50587386665124,-2.6990164404666923,0.04714159836200578,-158.81591347113562,0.1404786779306629,4.714159836200578,-25.50587386665124,-122.26590955356157,-1.955335595985667,18,0.6504611325067627,0.07344134078425889,0.007538554870874567,-8.757300581228397e-05,2.957449004966974
74,28592,0.9999814147601002,0.9999748489675718,327,10,1.9654519811486235,0.06449983732818122,14.63437179804458,1129.4763703191975,1144.110742117242,1.0152409844257853,3.2465042225106098,-193.40498651314792,2916.4684851905126,0.9939091896646246,0.9934231789057039,0.993890717623896,-20.800254561309362,-3.459798810110861,0.06045838237703702,-191.76835129859919,0.19645835227821826,6.045838237703702,-20.800254561309362,-158.11544061287117,-2.6991323406185317,21,0.570489614078929,0.0649300844502122,0.008241931380055863,-0.004111388086333361,3.2777623171819026
82,29190,0.9999888917914685,0.9999871969213711,349,10,1.9289538145175547,0.06552501463949971,15.439842615775754,1152.6861048559672,1168.1259474717428,0.896241374289771,3.3443101264924917,-189.458131983466,2912.519419921649,0.9948052012736304,0.9942531366619265,0.9947941507700064,-20.235862327992614,-3.679754503748977,0.06431227904419293,-202.10225558431213,0.24533694143017007,6.431227904419293,-20.235862327992614,-167.35552090403831,-2.8629390297199255,21,0.5417604016203275,0.06688620252984984,0.00752109544199954,-0.0020758510813870955,2.609433903169032
94,30610,0.9999907082337568,0.9999882895172775,272,10,2.2435003902285775,0.08073355573138286,12.047328714667653,1212.67352124636,1224.7208499610276,1.3772665123067396,3.5951284240596686,-221.13974210695815,2911.3133657317067,0.9978346689245743,0.9974855291999082,0.9978253972780813,-25.22328290864019,-3.067553966047464,0.05359013033945709,-176.76889540786257,0.15337536225815263,5.3590130339457085,-25.22328290864019,-138.9780590661955,-2.2750444430340053,24,0.7522136782656537,0.07190256848119338,0.01023474148350954,-0.004944990790511134,2.3481162122223656
102,31277,0.9999812627092536,0.9999756955546998,316,10,1.9140271796929218,0.06095303481459015,15.15661192311219,1236.40947320503,1251.5660851281423,0.9639622611738297,3.1341599406868306,-188.20257271040813,2913.8648906486296,0.994017150223282,0.9877649565909878,0.9939985250349314,-26.927800344238214,-3.107749259442109,0.0542937118748068,-180.46304589794883,0.19023879322396714,5.42937118748068,-26.927800344238214,-141.12277661145072,-2.3042185103401245,26,0.5110831023854108,0.06268319881373662,0.008268549319642457,-0.005068727268914953,2.9079505292272656
118,33405,0.9999847575933497,0.9999828871132135,330,10,1.9490292940243563,0.06426325019610742,14.824696984767396,1321.895116393937,1336.7198133787044,0.9933963838058741,3.2231111070951726,-191.6483374854518,2913.1825280735106,0.9913090717667379,0.9894967792727732,0.9912939618307499,-23.03842140884219,-3.293289248640998,0.05754212390185569,-185.75973512791626,0.18846502024766074,5.754212390185569,-23.03842140884219,-157.6127621966344,-2.6643963482324198,22,0.6381668465511078,0.06446222214190345,0.0068448593504076075,-0.0007252641826455691,3.151367015923001
126,34043,0.9999841162267503,0.9999802886342443,288,10,2.1016526836739367,0.07431200871665314,12.874320716777186,1349.1951076955104,1362.0694284122874,1.2865314414261788,3.165686408547877,-207.0952344115282,2909.6010234682835,0.9975307317057723,0.9961090751278747,0.9975148871538203,-24.289501388215115,-2.7233100105017787,0.04756655193992452,-158.80125201376816,0.13488808436194638,4.756655193992452,-24.289501388215115,-137.18902269775572,-2.2637667742697367,27,0.5725061921813432,0.06331372817095753,0.011364605867307366,-0.009346001621302915,2.6391062893576036
131,34560,0.9999882790869549,0.9999860894751358,336,10,1.9410083971766907,0.06299614704689169,14.810429580927169,1368.0183260531717,1382.8287556340988,1.0042518220276488,3.1624895484307705,-190.67476332666547,2906.5527670786646,0.9939427020971372,0.9929245713870478,0.9939310521811541,-20.25554047449317,-3.2110041769702566,0.05610134133463473,-178.90251671305282,0.19971708611817432,5.610134133463473,-20.25554047449317,-156.21511325544688,-2.6659095696509834,28,0.5930766779717193,0.06324979096861541,0.0067809595336074035,-0.0008862265470077448,2.7674222031809514
141,35660,0.9999873342642518,0.9999821349969457,293,10,2.093666069539049,0.06625911993316574,13.017868727171846,1413.725647668695,1426.743516395867,1.2571565565167768,3.212928055098023,-206.3184871274027,2912.173630117688,0.994860144435684,0.9927155370441758,0.9948475437999882,-24.60631503479739,-3.112135573365666,0.05437049348529476,-178.3586885580869,0.1623522821201982,5.437049348529476,-24.60631503479739,-145.96840635071686,-2.41095687234139,21,0.472784479241062,0.06425856110196046,0.007545570520431029,-0.001951654783204528,2.902791742735675
148,36727,0.9999862372377156,0.9999832712426813,293,10,2.1061636743014343,0.0744058330953194,13.064540166343571,1456.3429778488805,1469.4075180152242,1.2326885561357181,3.342923313963753,-207.56078742219412,2915.2061154210132,0.9981122083306888,0.9969048925561617,0.9980984715496324,-24.512616976750554,-3.1595686296798133,0.05520084134470204,-180.61310150750006,0.1600868464595034,5.520084134470204,-24.512616976750554,-148.14270407709904,-2.454107751994716,26,0.6290338982508978,0.06685846627927507,0.010656785611398437,-0.007576713960268789,2.5115030026718195
159,37217,0.9999796218306348,0.999976510154556,308,10,2.025329485721433,0.06775242983932205,13.966931903062044,1475.1413642255065,1489.1082961285686,1.0978023070575396,3.320439968854387,-199.22156826108517,2910.5996395220886,0.9942428286533433,0.9910573437018348,0.994222567804591,-22.125622054641518,-3.0743557114714966,0.053709184881640705,-174.00790463474908,0.19531313942415263,5.370918488164071,-22.125622054641518,-161.63455512238565,-2.753193401218901,25,0.5794551876490158,0.06640879937708774,0.008484564775943134,-0.003892070882530476,3.4999553994752444
174,39764,0.9999875996146735,0.9999839812377731,308,10,2.0126428994989896,0.06454274318135002,13.767681716565889,1577.2047912092028,1590.9724729257687,1.1556878312692687,3.1121981386255984,-198.05742627045336,2907.8971975743116,0.9957776611818709,0.9945999207427689,0.9957653131551728,-25.83891991124429,-2.9760045055047066,0.05198783782414054,-172.85346672545225,0.1611962569574484,5.198783782414054,-25.83891991124429,-149.38938949475423,-2.464295579529783,26,0.7440277417500847,0.062243962772511964,0.008401232133097796,-0.004493485249826645,2.6435291606636055
208,42553,0.9999878046670465,0.9999833913657243,388,10,1.796054850209531,0.060561814009874725,17.392300271225672,1685.3850961914686,1702.7773964626942,0.7119842471949182,3.1165245140348996,-176.02208139595245,2908.538405674873,0.9937468983862394,0.9921004861399509,0.9937347793119421,-23.98068572984667,-3.1968250769226088,0.055853093911774315,-181.92565196189145,0.20342415419395074,5.585309391177431,-23.98068572984667,-152.53545664662366,-2.538772615401804,31,0.5066723270279914,0.062330490280697995,0.0065622717300195515,-0.0009588846223035715,2.804522248805461
219,43087,0.9999904663206475,0.9999886597970968,333,10,1.9342002980502588,0.060845945357752805,14.679155296403188,1709.2331483210949,1723.912303617498,1.0373991021359543,3.0546757555390345,-190.2013077043934,2909.708453985484,0.9973384377475307,0.9969763478009274,0.9973289294426593,-21.366055264794355,-3.4529618301455605,0.06033861926027118,-191.99547816848587,0.2042283076944169,6.033861926027118,-21.366055264794355,-158.2784250679806,-2.7108697065949823,29,0.8123065660447687,0.06109351511078069,0.0067932210258359275,-0.0014570430374829643,2.502991774139094
226,43630,0.9999898733256176,0.9999871826432393,295,10,2.1052971452461353,0.0690546343420774,13.045092429871907,1732.51095344011,1745.5560458699817,1.2385326749355454,3.3221860058491774,-207.28030724966257,2908.5999499326467,0.9955925284881391,0.994932984179751,0.9955824464467855,-24.78213302339961,-3.260603223770997,0.05696977496471051,-185.88492165784473,0.1647559730018325,5.6969774964710505,-24.78213302339961,-157.4383399858646,-2.6169175801163815,19,0.7654867242794856,0.06644372011698356,0.008101369316607009,-0.0026196111617965727,2.5447739381485164
233,44256,0.9999857092934508,0.9999819243843089,359,10,1.8647183332575596,0.061582751022525126,16.03362446590149,1754.768627911649,1770.8022523775505,0.8558498805483277,3.1461022891448533,-183.25417553022396,2916.23044621761,0.9916046001519492,0.9878958984900031,0.9915904294215956,-25.127268023290082,-2.787546984869071,0.04869029572380937,-162.81681349543706,0.16118758513422787,4.869029572380937,-25.127268023290082,-154.62447356476147,-2.584939700591307,25,0.47568769071370576,0.06292204578289706,0.006810554965403985,-0.0013145556313793748,3.0373526545985747
241,45151,0.9999887947897534,0.9999859521739091,294,10,2.0727409855732826,0.06101572946438307,13.006565042246999,1793.379859882143,1806.38642492439,1.2809937577926065,3.0436445948987263,-204.22960102451228,2907.859472447038,0.9985073670601994,0.9982684246359821,0.9984961785752188,-20.305058417976973,-2.914645797859507,0.05091409133042693,-164.28319593390572,0.14327240079668563,5.091409133042693,-20.305058417976973,-137.00391585634284,-2.315257906005052,21,1.0142815695320633,0.060872891897974526,0.006276625948440661,-0.0001402778828469483,2.7258088036276873
247,46062,0.9999895356868936,0.9999869466567486,345,10,1.8991541763056587,0.06155246238026153,15.349356555710797,1827.5903091026141,1842.9396656583249,0.9426958332182097,3.115630090473058,-186.3655254262369,2903.582312791155,0.9962077713662209,0.9934316675302152,0.9961973467361823,-25.834151084025454,-3.0188005100403723,0.05273681699040465,-174.96670928916822,0.16767718072743476,5.273681699040465,-25.834151084025454,-145.2109526733509,-2.3979434795094874,26,0.5913628275887022,0.06231260180946116,0.006774293931271021,-0.0012327396964799437,2.5860285081630403
254,48077,0.9999900769257756,0.9999870096887241,294,10,2.0625074327369735,0.06670509530334415,13.290409504809048,1910.1748521825,1923.4652616873088,1.2196012982429238,3.1711067073932133,-203.0469880090977,2907.3862990181624,0.997379580849695,0.9950622168756695,0.9973696837780843,-25.297471187257376,-3.139386369425509,0.05484752796500926,-180.3988334507059,0.171046393071982,5.484752796500926,-25.297471187257376,-154.33589740568425,-2.575589670956609,20,0.48027306656768665,0.06342213414786428,0.008372519102357368,-0.003879039568103833,2.4194029482169523
261,50838,0.999987306456438,0.9999830870785402,313,10,1.9688428246795846,0.06215699086496067,14.278645552451495,2019.7053403225236,2033.9839858749751,1.0861086350926477,3.091099174442987,-193.57891029264843,2906.3817644969195,0.996080678197013,0.994378824563638,0.996068034403533,-25.27970897526927,-3.071791026887659,0.053664293674832234,-177.035045317543,0.16083822750364785,5.3664293674832235,-25.27970897526927,-148.13179185234813,-2.458429396236599,29,0.5087296139420159,0.06182198348885974,0.00727599075238708,-0.002318093561879807,2.8183019289136357
288,60704,0.9999768384294037,0.9999699046092732,339,10,2.002748900239366,0.07922915223433014,15.784649135772412,2412.9884553406278,2428.7731044764,0.7607315356466385,3.9342571187660114,-196.09242330378268,2905.4207625762797,0.9904713095584071,0.9894777080825304,0.9904483686872472,46.58592746809812,2.842233740852009,-0.049647067218191746,186.98109282247958,-0.25904089743975034,-4.964706721819175,46.58592746809812,175.06895821264578,2.5610098030063426,19,1.359804118122227,0.07868514237532023,0.007804387464550208,0.000670782049751051,3.8780322627555863
289,61225,0.9999890500896198,0.9999868571976461,347,10,2.014673028546042,0.07740546455070525,15.405519459518029,2434.2007052824765,2449.6062247419945,0.81681663258848,3.8877507477279116,-197.42952600192126,2907.1917188198504,0.9973899945841991,0.9970074014432497,0.9973790732531442,49.257783685365744,2.9259990786199563,-0.0511127591263156,193.79772675431536,-0.27850796076178985,-5.11127591263156,49.257783685365744,175.33440178880812,2.4912955941623496,20,0.9215031061220466,0.07775501495455824,0.008103063033035892,-0.0005243305357130037,2.699637589357567
290,62154,0.9999856290651704,0.9999831626789935,425,10,1.9492899922651779,0.08810880378218913,19.819885868416062,2468.1007906136388,2487.9206764820547,0.2515586586114375,4.282898864617471,-190.31024068924208,2906.9019197721664,0.9905836903725898,0.9895271677778019,0.9905694547589322,43.20845594829487,4.443386681901268,-0.07770757482655594,262.95492695564417,-0.3852760962335622,-7.770757482655594,43.20845594829487,164.6313050956208,2.3158198071848473,30,0.7198795812292437,0.08565797729234942,0.008646374540438567,0.0008265936831340006,2.8967908604631303
298,64395,0.9999874525644855,0.9999853066577831,321,10,2.1063232774488307,0.08020868509598107,14.147419639162324,2562.0921413560095,2576.239560995172,0.9769647133366592,3.991394165568985,-206.89751122101524,2913.091754708762,0.9921749983197761,0.991128060539664,0.9921625490679655,48.19502491439119,3.2841056772230317,-0.057381311111075854,210.46158189519892,-0.25227581576971597,-5.7381311111075854,48.19502491439119,167.34298498183014,2.3626812856384563,29,0.9459267590060405,0.0798278833113797,0.009090842877803582,-0.002255745892880428,2.784913843382009
314,66533,0.9999530730899082,0.9999434405826717,284,10,2.240045749081282,0.09112475648011882,12.69600818139983,2649.0357117440253,2661.7317199254253,1.1957246482580879,4.112793115371364,-220.3500435473015,2912.053457616852,0.9910717025966691,0.9898542905853422,0.9910251946639869,50.707155055618614,3.078107832401882,-0.053774860885322254,202.77516045709973,-0.18510249363145512,-5.377486088532225,50.707155055618614,186.7429282582366,2.737532962328022,22,0.8858095835416017,0.08225586230742728,0.012098066641860198,-0.00692809463412565,5.404254830460063
316,67407,0.9999824476807654,0.9999785640512038,317,10,2.028906474892621,0.0702665426199266,14.222440032095072,2682.470905596787,2696.6933456288816,1.0381178173944705,3.4831880298397704,-199.48343194779335,2912.3647717254057,0.9923844254446507,0.9883567219955061,0.9923670067964118,52.0699030278247,2.9778749950034653,-0.05202057231412421,199.17701853524167,-0.17938644802627574,-5.202057231412421,52.0699030278247,141.3663190310475,1.8384591169653537,28,0.9700366345783453,0.06966376059679541,0.009013437179227939,-0.0045643649670029695,3.106330917870598
323,69778,0.999986650222715,0.9999827801710467,292,10,2.123580701820691,0.07158357585660131,12.958838506612876,2778.5127054049913,2791.4715439116044,1.2425056223334752,3.399514080824468,-209.04494050758572,2908.0905221360717,0.9942258996271659,0.9925711516284221,0.994212626932835,50.74960025225277,2.5778598822883647,-0.04502252629498606,178.0671917642933,-0.14823068523690217,-4.502252629498606,50.74960025225277,110.01018192825285,1.2902192854975172,30,0.9088012754889394,0.06799028161648937,0.00869151879396256,-0.0034393050575078294,2.873487909775192
334,73244,0.9999893135793645,0.9999845860693851,322,10,2.000015408346519,0.06655846028223147,14.28593110080277,2915.898093407292,2930.1840245080944,1.0533780853110852,3.3131803462997222,-196.67572671737318,2911.216758969864,0.9928504698004249,0.9898264282572721,0.9928398597826764,48.986310271627346,2.4645608490514292,-0.0430412506066416,170.70112314106942,-0.1719835028989199,-4.30412506066416,48.986310271627346,161.92494633997427,2.2898879794027716,26,1.1754488633279419,0.06626360692599445,0.007977615873911211,-0.002941953451080369,2.4962889482707133
339,74192,0.9999888645148132,0.9999863158601389,285,10,2.1546670915707833,0.07491659696452348,12.619140957841134,2955.39059592825,2968.009736886091,1.3020316821224889,3.3783417282398043,-212.15996076195034,2906.123110127135,0.9968772475331844,0.9954196346766869,0.9968661468213614,51.364126217270226,2.646267030468928,-0.04621894127222831,182.06501684392265,-0.17471036578794136,-4.621894127222831,51.364126217270226,182.01791804114336,2.62844690150254,23,0.9655085138536889,0.06756683456479609,0.009875913924221581,-0.005522437761192214,2.5223059956663225
350,76080,0.9999877346810028,0.9999789049696779,306,10,2.05773330211279,0.06905441673712376,13.615193592919061,3029.9815534493127,3043.596747042232,1.1460822570517903,3.347918040383678,-202.70364725608468,2917.131796173288,0.995342505412476,0.9931249029193996,0.9953302972191357,49.25948774583235,2.5259037484899807,-0.044113919419720454,174.0076623790386,-0.15406633760013108,-4.411391941972045,49.25948774583235,162.46912895903498,2.2833880692921245,28,0.893185810470813,0.06695836080767356,0.008530903246356122,-0.0036790268873711225,2.717177095296527
358,77272,0.9999812202876049,0.9999785881864115,306,10,2.0553393253566625,0.06933280149499338,13.552765971522382,3077.690170545076,3091.2429365165985,1.1632338548848689,3.2912302637938327,-202.17800027282883,2906.832450615959,0.9948683334541271,0.9900673327061023,0.9948496501129539,52.67483757520867,2.5739427381441424,-0.04495402086120958,179.7987050217278,-0.17508984706093683,-4.495402086120958,52.67483757520867,178.46550137730242,2.542578706471552,27,1.1715591626527322,0.06582460527587665,0.00936213242551907,-0.0056591023906615075,3.300872577726531
368,79575,0.9999923671502668,0.9999909071986888,400,10,1.7949940904883814,0.06198358592237548,17.651078965900084,3166.024020268392,3183.6750992342922,0.6762751819624458,3.1689816545696043,-175.8488706430998,2908.4275234686643,0.9970893640582534,0.996610112585387,0.9970817534249671,49.20392617746821,2.8488139339349026,-0.04976219698595382,189.9246628835497,-0.2542830354427437,-4.976219698595382,49.20392617746821,153.82806683254034,2.135486373708759,25,1.3646873093985528,0.06337963309139209,0.00660005372492679,-0.000694622961112893,2.2226810902456116
384,81294,0.9999911945622034,0.9999875702226549,356,10,1.8892495378347427,0.06237997778409598,15.688698391180314,3236.564101418715,3252.2527998098954,0.891132109284822,3.1810077664283183,-185.38831837464636,2906.7241183763836,0.9927271605618254,0.991560826683906,0.9927184191645642,48.74080445784891,2.753890717874188,-0.04810150721761462,184.76533597614684,-0.1881984430305783,-4.810150721761462,48.74080445784891,141.12658659875135,1.9056995078310046,31,0.9875991033613211,0.06362015532856637,0.006949797320312594,-0.001457541080559828,2.3432456598385087
397,83855,0.9999889714682678,0.9999852898486897,365,10,1.8661377723705144,0.061252716530145836,16.018474591118853,3338.670380365924,3354.6888549570426,0.8570034871734254,3.1499075628480404,-183.2772714554344,2912.8134459225657,0.9948828236930524,0.9935077381722685,0.9948718515962615,47.66050342523299,2.79724030692596,-0.04885987859124076,185.829606221676,-0.2059611952064418,-4.885987859124076,47.66050342523299,121.13091009127973,1.5326183918260063,30,0.9679041498047973,0.0629981512569608,0.006910604181439155,-0.0016442803675782147,2.608265411847958
412,85564,0.999989857377658,0.9999829939349851,334,10,1.9454756747320736,0.06341230669422016,14.802836214933828,3408.2067019048923,3423.009538119826,1.0012953656733743,3.189187177880695,-191.27356006651365,2911.7436019416514,0.9951756727789159,0.9931303807892775,0.995165579087903,48.61385986728056,2.7366125450681857,-0.04779925285034132,183.78365707295688,-0.16889872339288478,-4.779925285034132,48.61385986728056,143.47636156699338,1.9483214404380187,33,1.0110700741000425,0.06378374355761389,0.007224983797793111,-0.0018766996450780135,2.5214401588299142
420,87221,0.9999887735288263,0.9999855752988932,300,10,2.081133452118664,0.06767351942093329,13.294573652676343,3475.8929571536883,3489.1875308063645,1.1999472514547584,3.3140822100997314,-204.75258185842415,2906.093869447306,0.9981673799864762,0.9965478737185783,0.9981561740891582,48.55244985757064,2.819209012873961,-0.04924422741051036,187.8084389306585,-0.15820165172665537,-4.924422741051036,48.55244985757064,147.50480503752,2.034596772640181,26,0.9151742744154414,0.06628164420199463,0.00760359170815081,-0.00173916259310352,2.7493355885328983
421,91861,0.9999928754639114,0.9999898130508302,223,10,2.4807830690149317,0.03159477896297451,9.98180808347971,3664.682121265613,3674.663929349093,1.8892237182549803,2.963187359507572,-245.4832734400289,2902.7041667798526,0.9994074765514971,0.9991876041111608,0.9994003562368632,51.6854495353599,2.2155044197690104,-0.03868713033605134,161.08740145219383,-0.08606952254057004,-3.868713033605134,51.6854495353599,203.47993598837033,3.0224230050549594,16,1.0243616696030722,0.059263747190151456,0.00014042008258774585,0.007596832610854699,2.1438921881776967
428,92618,0.9999887169069342,0.9999840417668544,187,10,2.846707325428119,0.009360519886272928,8.462223329038418,3696.455697568307,3704.9179208973455,2.308033618875073,3.1828142889148774,-282.2244060010977,2901.8346367221275,0.9984621048088881,0.9977495429870135,0.9984508390680369,37.928314105163864,1.634863191921167,-0.028541491858712548,118.63977791337042,-0.07048619316361918,-2.854149185871255,37.928314105163864,117.36041819798064,1.6057022290883416,14,0.9454701172536103,0.06365628577829754,-0.0032188205670565036,0.010291889288419023,2.726272749061505
431,93501,0.9999926784908896,0.9999885029458109,171,10,3.049332243310152,0.037513149448456816,7.750130534539463,3732.4366132296864,3740.186743764226,2.57903348287101,3.0341344467889546,-302.72809569638343,2900.356184586174,0.9995890281124417,0.9992971551852444,0.9995817096122657,45.73159382583529,2.0997163269993395,-0.03666337770478134,149.4106480727056,-0.0574850823537752,-3.666337770478134,45.73159382583529,124.18804648252319,1.6042328584095773,11,0.815954273826349,0.06068268893577909,0.0022935898965102145,0.0037743826903774446,2.2051231522057826
437,94596,0.999990300718131,0.9999884216689485,256,10,2.3842701775810675,0.08109030211647088,11.362784321924897,3772.778185254348,3784.140969576273,1.454627740235128,4.0907334461684774,-234.97595438185866,2910.920049708834,0.9914592224105385,0.9903794141843212,0.9914496059680787,-5.049143170954988,-2.009272517607386,0.03508280372359194,-104.25854879852866,0.16332277689562918,3.508280372359194,-5.049143170954988,-99.66470428407555,-1.8182529465375465,19,0.6759108308066709,0.08181466892336955,0.008140876668323024,0.0003088038201826157,2.542637469050219
442,95535,0.9999477949118487,0.9999388189233152,272,10,2.2642688246808995,0.11037556282255226,12.024184212092072,3809.672802009415,3821.6969862215074,1.3634674362261097,3.7457900368363557,-223.37632611578516,2919.1847455038205,0.9956080425719784,0.9940904205361487,0.9955560667663518,31.731420757586516,2.0016991465300156,-0.03495046138787383,130.56658022828506,-0.17284661809338628,-3.4950461387873832,31.731420757586516,114.34648867764562,1.6225438184479142,20,0.9761225631366781,0.07491580073672711,0.01907952728543561,-0.019306706166756085,4.862620739150528
478,97000,0.9999917054325084,0.9999417100065295,122,10,3.5738968475104973,-0.41418013889661814,6.424689277565121,3873.714019742229,3880.1387090197945,3.2156251339422215,2.7882415638321465,-353.56432741768015,2766.9140185854594,0.9998454139289666,0.9996437204488038,0.9998371206436996,-19.376718898630653,-2.501847791970209,0.04369325448535814,-142.93531021246318,0.04095749207773531,4.369325448535815,-19.376718898630653,,,,,0.05576483127664293,-0.06628960678001698,0.05936246708725644,1.9222297342947494
480,98352,0.9999871149862628,0.999982739038815,158,10,3.246402245592305,0.2330016090621564,7.200795016067021,3927.0327168883737,3934.233511904441,2.811341236440177,3.020923440963,-322.6628301117439,2904.838547901827,0.9998264375806292,0.9997034919971758,0.9998135548032462,-22.443659920410383,-2.361003311934449,0.0412306211679213,-139.03825857201235,0.0497267745269437,4.12306211679213,-22.443659920410383,-123.3759980612815,-2.038040898706882,15,0.7015611035950354,0.06041846881926001,0.03392555397952211,-0.025092456893164503,2.8893905174743995
487,99339,0.9999930531728922,0.9999886924777216,142,10,3.546557603132838,-0.1761347223537981,6.536047884923887,3967.1925817660103,3973.728629650934,3.127287179223731,3.207369585496766,-352.8120473092526,2909.0946529150992,0.999130862519682,0.9986602583889352,0.999123921730322,29.043921569457662,0.6961462714614748,-0.012150642425487489,63.40428861774936,0.017182264878240556,-1.2150642425487488,29.043921569457662,,,,,0.06414739170993532,-0.03041300419213753,0.03072618117072674,2.0571759373666896
488,100758,0.9999878046819977,0.9999843596599785,278,10,2.1792801271512103,0.06804678296149048,12.26225819210859,4018.354369280922,4030.616627473031,1.3780229723793587,3.2671680135046537,-215.0161118527064,2914.2976260748815,0.9927053338843622,0.9906125084819684,0.9926932275271328,31.888175504085037,1.8727474193095848,-0.032697253380623834,124.35156865542756,-0.13986572869375302,-3.269725338062383,31.888175504085037,99.85448805437993,1.3508693682639061,26,0.887494071560006,0.06534336027009306,0.007623989917220011,-0.0016956296696669462,2.8339300850220672
517,105063,0.9999950686443149,0.9999906645859162,148,10,3.4693480266907115,0.11358511131144805,6.7622622301247,4195.91747150132,4202.679733731444,2.9812401921023985,3.6090572797804072,-344.8954795992556,2913.033341355363,0.998969451566323,0.9982330804718709,0.9989645252926388,31.50464106825798,1.3528984756051732,-0.02361692222611525,98.29009057980684,-0.041409445346634044,-2.361692222611525,31.50464106825798,,,,,0.07218114559560815,0.013822602618306158,-0.005534631442572148,1.7703817953597443
519,106120,0.9999928820163233,0.9999880965959539,145,10,3.518632582113635,0.28230778109915955,6.627124988420605,4238.304980091324,4244.932105079745,3.0634930229185677,3.433914102950526,-349.83711216125636,2907.2564372581915,0.9995641433132889,0.9992070818013304,0.999557028432033,37.18063795999443,1.7567736704156565,-0.030671096935407455,123.91433578190636,-0.043295196614553465,-3.0671096935407456,37.18063795999443,143.28244084565827,2.1261174885118055,11,0.690751236096693,0.06867828205901053,0.0400458878018953,-0.027791136614302454,2.097033537955467
598,125053,0.9999877121049476,0.9999850659607336,278,10,2.1780798646037236,0.06985704336501079,12.364395798522969,4990.081832413122,5002.446228211645,1.3498376968223547,3.3493030362240166,-214.33698591636303,2898.8024680917592,0.9949880283445033,0.9941960669320675,0.9949758020360326,-14.893488684757456,-2.533790098516621,0.04425183088996711,-140.03165823114662,0.12825732943951546,4.425183088996711,-14.893488684757456,-119.99937439819739,-2.0688551308288194,19,0.4830346129916663,0.06698606072448034,0.007885658981649895,-0.001885872705780409,2.844527846989992
632,128239,0.9999889439009536,0.9999853388639415,268,10,2.247082561202895,0.07187797400021223,11.910127984590947,5117.971708415722,5129.881836400313,1.4153943769515316,3.491516570297912,-221.4381604678145,2906.300920728815,0.995902308197865,0.9947940624245909,0.995891297403305,-11.271081562546394,-2.1247142750527996,0.037100267691994857,-116.18560137532714,0.12602113717079488,3.710026769199486,-11.271081562546394,-102.39508494039913,-1.789087564886949,16,0.6234824928125854,0.06983033140595823,0.007764376174451574,-0.0010786762270211185,2.7513570669119307
680,134000,0.9999850709773204,0.9999774326029265,201,10,2.7510982002255195,0.15313522914546907,9.084002106314733,5351.136635101122,5360.220637207437,2.050812737653855,3.854498569990766,-272.154461113528,2905.863268952014,0.9962126259001199,0.9937224835887806,0.9961977534192341,-1.8589228751108737,-1.2126799820344445,0.021168419479945157,-61.72033906141939,0.07073843325706637,2.1168419479945157,-1.8589228751108737,-69.0402502153455,-1.303138136533056,19,0.4602396221803923,0.07708997139981533,0.022343865250580512,-0.01660747130751691,3.0410648876551276
692,135813,0.9999898005825756,0.9999861949365595,148,10,3.4016351445503137,0.03954946952991121,6.78820350661166,5425.860271630362,5432.6484751369735,3.024302002376104,2.7793299199610764,-338.2750800102447,2895.521808052352,0.9988345346693835,0.9983316728066457,0.9988243471390266,-3.9464639022710597,-1.0098005226226998,0.017626168944751927,-53.79087651756355,0.0284168867892862,1.7626168944751925,-3.9464639022710597,,,,,0.055586598399221525,0.0031580177466929153,0.00215438657769373,2.5537813964600247
702,137098,0.9999908430828942,0.9999856056089693,155,10,3.335492332721644,-0.06651323703485193,7.083650472678199,5476.982640012159,5484.066290484837,2.82242994792694,3.62145469185413,-331.1057654505438,2898.650225707055,0.9997152908433631,0.9995314526014007,0.9997061365333154,-11.247874537846856,-1.6993753311528643,0.029668395003607084,-95.14606743662632,0.04582565552088594,2.966839500360708,-11.247874537846856,-76.71058545549468,-1.3240792787449993,9,0.2877329019433521,0.07242909383708261,-0.01481219251786426,0.019809462936545605,2.370888933701322
713,138419,0.9999914369879251,0.9999881530472601,161,10,3.2019330277964393,-0.006777219478209084,7.345547455549069,5529.582224149258,5536.927771604806,2.7364356694311005,3.1685681780851263,-318.0527711556676,2902.9721715475334,0.9997176852976302,0.9994528480462083,0.9997091247030195,-20.993682724027487,-2.230339825692739,0.03894644715271685,-131.12894739013063,0.055376937136438265,3.894644715271685,-20.993682724027487,-186.59167244816993,-3.241947389530459,11,0.8111632000675214,0.06337136356170253,-0.0049503452648606665,0.010505212701914802,2.381445019825806
728,140018,0.9999906724655299,0.9999883867642783,255,10,2.3179264442221887,0.0767209723944262,11.283813534730593,5589.703238220597,5600.987051755327,1.5478383470668284,3.4123574214741152,-228.94836412035392,2914.7546055687394,0.993808854827468,0.9924356953998276,0.9937995850411178,35.48884311125252,1.983527339287306,-0.034632919610338514,133.42603754872835,-0.14373677637848564,-3.463291961033851,35.48884311125252,107.1405952980437,1.4294170140501965,19,1.187814421841285,0.06824714842948229,0.009230526722858285,-0.003477084312447338,2.4663376886664676
758,157653,0.9999898806081757,0.999979281899462,274,10,2.216687596815768,0.07660935182868243,12.562396876289014,6293.891105697565,6306.453502573854,1.2556250122822572,3.825156114704015,-218.08157186536184,2907.6660143727627,0.993602895557468,0.9921007405743392,0.9935928409004501,-13.04148462993399,-2.573551569901981,0.04494717989276447,-140.14600674651018,0.16748252644068082,4.494717989276447,-13.04148462993399,-113.49939721577937,-1.9565881725458876,24,0.6204404843203081,0.0765031222940803,0.00784013390975955,-7.601590402641926e-05,2.6052105281134073
767,158800,0.9999889283302528,0.9999858514246547,221,10,2.5521955057298737,0.08337138456786986,9.886528524570934,6342.369113861524,6352.255642386095,1.8599263999139544,3.5010727177665384,-252.48250898264212,2911.5373780727073,0.9995272983443337,0.9993248975141583,0.9995162319081832,-23.308975316654845,-2.9285437124367952,0.05115728749338808,-167.97483856192883,0.13545848150121678,5.115728749338809,-23.308975316654845,-137.95001668122228,-2.2970480866360248,16,0.6049369002869706,0.07002145435533076,0.009943100827539615,-0.0035625475835645384,2.7281831396063767
774,159920,0.9999837616988326,0.9999774434646913,219,10,2.550633781677994,0.1449373323777276,9.851212128935677,6387.135372989544,6396.986585118479,1.8773054914908969,3.417489550394259,-252.43446058972543,2913.1655385833933,0.9986297742485389,0.9971716381167486,0.99861355819751,-22.865584017092125,-2.2571444425530234,0.03941499415769739,-134.32583599717785,0.07451072334952684,3.941499415769739,-22.865584017092125,-123.58666577736055,-2.034898233168312,18,0.4989597693220349,0.06834979100788517,0.022890644538567637,-0.02001700425348597,2.95387461355366
782,160934,0.9999907489417516,0.9999862546845477,250,10,2.325724281600836,0.07468331367886542,11.193237239483324,6426.47464947504,6437.667886714523,1.5713224923354505,3.3698999365629834,-229.57085474845852,2907.856350025665,0.9973771122697395,0.9967402015483652,0.9973678854759782,-11.479754329694735,-2.2436013167826974,0.03917825700918658,-122.27054579634009,0.10209198876227851,3.9178257009186583,-11.479754329694735,-103.79723290090942,-1.838271176067713,17,0.43125165720281805,0.06739799873125966,0.008785531092515736,-0.002891871877880533,2.4586151536921683
785,162296,0.9999915516173813,0.9999884434700425,158,10,3.2661392831742004,0.18762045814584255,7.303302270834661,6484.680660276128,6491.983962546963,2.706579283908575,3.8308697799637716,-323.8607609395786,2893.893529239221,0.9915963730550079,0.9888558880450097,0.991587995669445,13.0829155785537,0.2236192239085035,-0.003902911545094358,24.119819517489017,-0.05045540465950943,-0.3902911545094358,13.0829155785537,19.702586042786248,0.13228682213011098,12,0.8058539514462358,0.07661739559927544,0.02580205070975107,-0.016466575326260335,2.2677040357902847
795,164447,0.9999889864710408,0.9999863428780161,240,10,2.4476309375901963,0.08511024219235247,10.727290653733698,6567.427581647925,6578.1548723016585,1.6186865028577886,3.8637176034933316,-241.57615766518612,2910.4766105398658,0.9934204127322588,0.990655958107737,0.9934094716677745,25.677752198052158,1.3089327611657897,-0.022849161519688375,90.29207867311477,-0.1299711232267127,-2.2849161519688375,25.677752198052158,53.40270048326858,0.6096543305784395,24,0.7522037904960426,0.07727435206986663,0.009759411214120559,-0.0026723521347366734,2.6692013677289994
800,165351,0.9999905055698474,0.9999871416288463,249,10,2.348454263466778,0.06929954522613423,11.134989898811156,6603.224461205264,6614.359451104075,1.5689780351192504,3.500120949506875,-231.65654458913622,2904.509354059619,0.9933962649298766,0.9901430538155228,0.9933868331984254,28.015266268367117,1.4886693534266555,-0.025988029899766892,101.50588634824688,-0.13859934214551073,-2.598802989976689,28.015266268367117,78.35767698623013,1.0252815013547458,20,0.9009558559371157,0.0700024189901375,0.006952432490774728,0.0002755880402154656,2.47936617814977
805,166481,0.9999759837438246,0.9999670830565671,156,10,3.261054943512863,0.9348356843554859,7.173936647370406,6652.2003762070035,6659.374312854374,2.819368012274042,3.0784139374907973,-324.1376256730553,2906.847640654622,0.9989300042491939,0.9981008196827873,0.9989060136903105,-10.373124432861617,-1.5807479048532567,0.027596257726138308,-88.41159445156313,0.042308224200020464,2.759625772613831,-10.373124432861617,-90.76919717856997,-1.593523775576279,10,0.7588186718945383,0.06156827874981594,0.146308775363762,-0.12581752885009773,3.3877253851091553
